<?xml version="1.0" encoding="UTF-8"?>
<!DOCTYPE suite SYSTEM "http://testng.org/testng-1.0.dtd" >
<suite name="Parallel test suite" parallel="tests" thread-count="10"
	verbose="10">
	
				
		<test name="Regression Suite for Device 1">
			<parameter name="ipAddress" value="127.0.0.1" />
			<parameter name="deviceid" value="05157df54c482909" />
			<parameter name="port" value="4723" />
			<parameter name="osVersion" value="6.0.1" />
			<parameter name="proxy" value="0" />
			<parameter name="username" value="player571" />
			<parameter name="ZenReplica" value= "True" />
			<parameter name="DeviceName" value="Galaxy S6" />
			<parameter name="LockType" value="Pin" />
			<parameter name="LockKey" value="12345" />
			<parameter name="GameName" value="BreakAway"/>
			<classes>
				<class name="Driver.MobileDriver" />
			</classes>
		</test>
			
		<test name="Regression Suite for Device 2">
			<parameter name="ipAddress" value="127.0.0.1" />
			<parameter name="deviceid" value="21aaa478df0c7ece" />
			<parameter name="port" value="4723" />
			<parameter name="osVersion" value="6.0.1" />
			<parameter name="proxy" value="0" />
			<parameter name="username" value="player571" />
			<parameter name="ZenReplica" value= "True" />
			<parameter name="DeviceName" value="Galaxy S9" />
			<parameter name="LockType" value="Pin" />
			<parameter name="LockKey" value="12345" />
			<parameter name="GameName" value="BreakAway"/>
			<classes>
				<class name="Driver.MobileDriver" />
			</classes>
		</test>
			
		<test name="Regression Suite for Device 3">
			<parameter name="ipAddress" value="127.0.0.1" />
			<parameter name="deviceid" value="2672088cc90d7ece" />
			<parameter name="port" value="4723" />
			<parameter name="osVersion" value="6.0.1" />
			<parameter name="proxy" value="0" />
			<parameter name="username" value="player571" />
			<parameter name="ZenReplica" value= "True" />
			<parameter name="DeviceName" value="Galaxy Note9" />
			<parameter name="LockType" value="Pin" />
			<parameter name="LockKey" value="12345" />
			<parameter name="GameName" value="BreakAway"/>
			<classes>
				<class name="Driver.MobileDriver" />
			</classes>
		</test>

 </suite>