<?xml version="1.0" encoding="UTF-8"?>
<!DOCTYPE suite SYSTEM "http://testng.org/testng-1.0.dtd" >
 
<suite name="Parallel test suite" parallel="tests"
	thread-count="10" verbose="10">
	<!--  
	   <test name="Regression Suite for Device 2">
		<parameter name="IpAddress" value="127.0.0.1" />
		<parameter name="DeviceId" value="R5CT32TPARB" />
		<parameter name="Port" value="4723" />
		<parameter name="OSVersion" value="8.0.0" />
		<parameter name="Proxy" value="0" />
		<parameter name="Username" value="user200" />
		<parameter name="ZenReplica" value="True" />
		<parameter name="DeviceName" value="SamsungGalaxyS8Plus" />
		<parameter name="Browser" value="chrome" />
		<parameter name="OSPlatform" value="Android" />
		<parameter name="GameName" value="BookOfGoddessMapleMoolah" />
		<classes>
			<class
				name="com.zensar.automation.framework.driver.MobileDriver" />
		</classes>
	</test>  
  
 <test name="Regression Suite for Device 1">
            <parameter name="IpAddress" value="127.0.0.1" />
            <parameter name="DeviceId" value="00008101-001C094434E0001E"/>
            <parameter name="Port" value="4723" />
            <parameter name="OSVersion" value="16.1" />
            <parameter name="Proxy" value="0" />
            <parameter name="Username" value="Player895" />
            <parameter name="ZenReplica" value="True" />
            <parameter name="DeviceName" value="iPhone13PROMAX" />
            <parameter name="Browser" value="safari" />
            <parameter name="OSPlatform" value="iOS" />
            <parameter name="GameName" value="BookOfGoddessMapleMoolah"/>
        <classes>
            <class name="com.zensar.automation.framework.driver.MobileDriver" />
        </classes>
    </test> 
    -->
    <test name="Regression Suite for Device 2">
		  <parameter name="IpAddress" value="127.0.0.1" />
			<parameter name="DeviceId" value= "R58N80GBF6N" />
			<parameter name="Port" value="4723" />
			<parameter name="OSVersion" value="9" />
			<parameter name="Proxy" value="0" />
			<parameter name="Username" value="Harsha" />
			<parameter name="ZenReplica" value= "True" />
			<parameter name="DeviceName" value="Galaxy S21 Ultra" />
			<parameter name="Browser" value="chrome" />
			<parameter name="OSPlatform" value="Android" />
			<parameter name="GameName" value="BookOfGoddessMapleMoolah" />
		 <classes>
			<class name="com.zensar.automation.framework.driver.MobileDriver" />
		</classes>
	</test>
 	
 	
 	 <test name="Regression Suite for Device 1">
		<parameter name="IpAddress" value="127.0.0.1" />
			<parameter name="DeviceId" value="00008110-001134402E12801E"/>
			<parameter name="Port" value="4723" />
			<parameter name="OSVersion" value="15.6" />
			<parameter name="Proxy" value="0"/>
			<parameter name="Username" value="Harsha" />
			<parameter name="ZenReplica" value= "True" />
			<parameter name="DeviceName" value="iPhone 13 Pro Max" />
			<parameter name="Browser" value="safari"/>
			<parameter name="OSPlatform" value="ios"/>
			<parameter name="GameName" value="BookOfGoddessMapleMoolah" />
		<classes>
			<class name="com.zensar.automation.framework.driver.MobileDriver" />
		</classes>
	</test>	
  
</suite>
      
    
        

   